{
  "voicefm_whisper/gsd_control": [
    0.9071052631578947,
    0.9152631578947369,
    0.9118421052631578,
    0.9131578947368421,
    0.9042105263157895
  ],
  "voicefm_whisper/cat_voice": [
    0.9279300567107751,
    0.9922022684310019,
    0.9659735349716446,
    0.970226843100189,
    0.9636105860113422
  ],
  "voicefm_whisper/cat_neuro": [
    0.9984877126654064,
    0.998109640831758,
    0.9939508506616257,
    0.9867674858223062,
    0.941398865784499
  ],
  "voicefm_whisper/cat_mood": [
    0.7724867724867726,
    0.8928571428571428,
    0.8406084656084656,
    0.8981481481481481,
    0.8386243386243386
  ],
  "voicefm_whisper/cat_respiratory": [
    0.8160988845342176,
    0.8248417244498041,
    0.8381067229424178,
    0.830871269219174,
    0.8504672897196262
  ],
  "voicefm_whisper/gsd_parkinsons": [
    0.908641975308642,
    0.9580246913580247,
    0.9358024691358025,
    0.9135802469135802,
    0.9259259259259259
  ],
  "voicefm_whisper/gsd_alz_dementia_mci": [
    0.9830508474576272,
    0.9961864406779661,
    0.9817796610169492,
    0.9830508474576272,
    0.9855932203389831
  ],
  "voicefm_whisper/gsd_mtd": [
    0.776916451335056,
    0.8018949181739881,
    0.6666666666666667,
    0.8544358311800172,
    0.7605512489233419
  ],
  "voicefm_whisper/gsd_copd_asthma": [
    0.7538461538461538,
    0.5576923076923077,
    0.7701923076923077,
    0.7548076923076923,
    0.6586538461538461
  ],
  "voicefm_whisper/gsd_depression": [
    0.7193987115246957,
    0.8933428775948461,
    0.8117394416607014,
    0.8990694345025053,
    0.8804581245526129
  ],
  "voicefm_whisper/gsd_airway_stenosis": [
    0.8623271889400921,
    0.9147465437788018,
    0.8715437788018433,
    0.8905529953917051,
    0.913594470046083
  ],
  "voicefm_whisper/gsd_benign_lesion": [
    0.6494401378122309,
    0.8682170542635659,
    0.8906115417743325,
    0.8397932816537468,
    0.7958656330749354
  ],
  "voicefm_whisper/gsd_anxiety": [
    0.7901234567901235,
    0.8666666666666667,
    0.9111111111111112,
    0.7283950617283951,
    0.7925925925925925
  ],
  "voicefm_whisper/gsd_laryngeal_dystonia": [
    0.8668575518969219,
    0.8976377952755905,
    0.9305654974946314,
    0.847530422333572,
    0.9083750894774517
  ],
  "voicefm_hubert/gsd_control": [
    0.8718421052631579,
    0.8392105263157894,
    0.8157894736842105,
    0.9097368421052632,
    0.9118421052631579
  ],
  "voicefm_hubert/cat_voice": [
    0.957703213610586,
    0.9456521739130435,
    0.9534499054820414,
    0.9562854442344046,
    0.9520321361058601
  ],
  "voicefm_hubert/cat_neuro": [
    0.9561436672967865,
    0.9648393194706995,
    0.9603024574669188,
    0.9655954631379963,
    0.989413988657845
  ],
  "voicefm_hubert/cat_mood": [
    0.8082010582010583,
    0.8558201058201058,
    0.8611111111111112,
    0.7559523809523809,
    0.7175925925925926
  ],
  "voicefm_hubert/cat_respiratory": [
    0.7178173047934882,
    0.6747060596924932,
    0.6505878806150135,
    0.7211335544166415,
    0.658124811576726
  ],
  "voicefm_hubert/gsd_parkinsons": [
    0.9209876543209877,
    0.8197530864197531,
    0.94320987654321,
    0.9209876543209876,
    0.8345679012345679
  ],
  "voicefm_hubert/gsd_alz_dementia_mci": [
    0.9639830508474576,
    0.9449152542372882,
    0.9758474576271187,
    0.873728813559322,
    0.919915254237288
  ],
  "voicefm_hubert/gsd_mtd": [
    0.726959517657192,
    0.7708871662360034,
    0.751937984496124,
    0.7312661498708011,
    0.7846683893195521
  ],
  "voicefm_hubert/gsd_copd_asthma": [
    0.4461538461538461,
    0.5874999999999999,
    0.6278846153846154,
    0.5240384615384616,
    0.5096153846153846
  ],
  "voicefm_hubert/gsd_depression": [
    0.7931281317108088,
    0.8002863278453829,
    0.8654259126700072,
    0.8282032927702219,
    0.6750178954903364
  ],
  "voicefm_hubert/gsd_airway_stenosis": [
    0.7834101382488479,
    0.7960829493087558,
    0.8047235023041475,
    0.7914746543778801,
    0.8191244239631337
  ],
  "voicefm_hubert/gsd_benign_lesion": [
    0.6580534022394487,
    0.8251507321274762,
    0.82687338501292,
    0.8010335917312661,
    0.6959517657192076
  ],
  "voicefm_hubert/gsd_anxiety": [
    0.7777777777777778,
    0.8617283950617285,
    0.8,
    0.9506172839506173,
    0.6790123456790123
  ],
  "voicefm_hubert/gsd_laryngeal_dystonia": [
    0.8260558339298497,
    0.945597709377237,
    0.8833214030064424,
    0.8940586972083036,
    0.8969219756621332
  ]
}