{
  "voicefm_whisper/gsd_control": [
    0.8594736842105263,
    0.8547368421052631,
    0.8934210526315789,
    0.8731578947368421,
    0.8415789473684211
  ],
  "voicefm_whisper/cat_voice": [
    0.9116257088846882,
    0.9428166351606805,
    0.8889413988657844,
    0.9118620037807184,
    0.9387996219281664
  ],
  "voicefm_whisper/cat_neuro": [
    0.9784499054820415,
    0.9954631379962193,
    0.9818525519848772,
    0.9860113421550094,
    0.987523629489603
  ],
  "voicefm_whisper/cat_mood": [
    0.8584656084656085,
    0.7533068783068783,
    0.6957671957671957,
    0.826058201058201,
    0.8227513227513227
  ],
  "voicefm_whisper/cat_respiratory": [
    0.7265601447090745,
    0.8079589990955682,
    0.7003316249623154,
    0.6909858305697921,
    0.7717817304793488
  ],
  "voicefm_whisper/gsd_parkinsons": [
    0.8839506172839507,
    0.9481481481481481,
    0.7728395061728395,
    0.9604938271604938,
    0.9901234567901235
  ],
  "voicefm_whisper/gsd_alz_dementia_mci": [
    0.9597457627118644,
    0.9724576271186441,
    0.9610169491525423,
    0.9741525423728813,
    0.9699152542372881
  ],
  "voicefm_whisper/gsd_depression": [
    0.889763779527559,
    0.7695060844667144,
    0.6929133858267716,
    0.7845382963493199,
    0.8060128847530422
  ],
  "voicefm_whisper/gsd_airway_stenosis": [
    0.8277649769585254,
    0.8358294930875576,
    0.7949308755760368,
    0.8410138248847926,
    0.8133640552995391
  ],
  "voicefm_whisper/gsd_laryngeal_dystonia": [
    0.8596993557623478,
    0.8489620615604867,
    0.816034359341446,
    0.8167501789549033,
    0.7752326413743736
  ],
  "voicefm_whisper/gsd_mtd": [
    0.6442721791559001,
    0.6658053402239448,
    0.6477174849267873,
    0.7174849267872524,
    0.6916451335055986
  ],
  "voicefm_whisper/gsd_anxiety": [
    0.7234567901234568,
    0.6518518518518518,
    0.8765432098765432,
    0.8839506172839506,
    0.7851851851851852
  ],
  "voicefm_whisper/gsd_benign_lesion": [
    0.8234280792420328,
    0.7450473729543498,
    0.7924203273040482,
    0.6813092161929372,
    0.6287683031869078
  ],
  "voicefm_whisper/gsd_copd_asthma": [
    0.6788461538461539,
    0.635576923076923,
    0.45961538461538465,
    0.573076923076923,
    0.5711538461538461
  ]
}