{
  "frozen_whisper/gsd_control": [
    0.8315789473684211,
    0.855,
    0.8326315789473684,
    0.8292105263157894,
    0.8244736842105264
  ],
  "frozen_whisper/cat_voice": [
    0.9383270321361058,
    0.9444706994328923,
    0.9234404536862004,
    0.9354914933837429,
    0.9295841209829867
  ],
  "frozen_whisper/cat_neuro": [
    0.972022684310019,
    0.9784499054820417,
    0.9829867674858224,
    0.9879017013232514,
    0.9863894139886579
  ],
  "frozen_whisper/cat_mood": [
    0.7096560846560847,
    0.6150793650793651,
    0.7711640211640212,
    0.664021164021164,
    0.6236772486772486
  ],
  "frozen_whisper/cat_respiratory": [
    0.6834488996080795,
    0.6315948145914984,
    0.6469701537533915,
    0.6355140186915889,
    0.6578233343382575
  ],
  "frozen_whisper/gsd_parkinsons": [
    0.7061728395061727,
    0.8444444444444446,
    0.8444444444444444,
    0.817283950617284,
    0.8320987654320988
  ],
  "frozen_whisper/gsd_alz_dementia_mci": [
    0.9919491525423729,
    0.9949152542372881,
    0.9957627118644068,
    0.9966101694915255,
    0.9881355932203391
  ],
  "frozen_whisper/gsd_depression": [
    0.7752326413743735,
    0.7759484609878311,
    0.7523264137437365,
    0.7551896921975663,
    0.7072297780959198
  ],
  "frozen_whisper/gsd_airway_stenosis": [
    0.8738479262672811,
    0.8266129032258065,
    0.8139400921658986,
    0.8323732718894009,
    0.7932027649769585
  ],
  "frozen_whisper/gsd_laryngeal_dystonia": [
    0.8625626342161775,
    0.9241231209735147,
    0.8725841088045811,
    0.8711524695776666,
    0.8382247673586256
  ],
  "frozen_whisper/gsd_mtd": [
    0.6554694229112834,
    0.7648578811369509,
    0.6692506459948321,
    0.6770025839793281,
    0.7157622739018088
  ],
  "frozen_whisper/gsd_anxiety": [
    0.6395061728395061,
    0.47407407407407404,
    0.5111111111111111,
    0.6271604938271604,
    0.654320987654321
  ],
  "frozen_whisper/gsd_benign_lesion": [
    0.8897502153316106,
    0.8708010335917312,
    0.8794142980189492,
    0.8656330749354005,
    0.7622739018087856
  ],
  "frozen_whisper/gsd_copd_asthma": [
    0.6105769230769231,
    0.6105769230769231,
    0.5423076923076923,
    0.5634615384615385,
    0.47596153846153844
  ]
}