{
  "voicefm_whisper/gsd_control": [
    0.8589473684210527,
    0.8355263157894737,
    0.8918421052631579,
    0.8821052631578947,
    0.8678947368421053
  ],
  "voicefm_whisper/cat_voice": [
    0.9243856332703214,
    0.9489603024574669,
    0.9281663516068053,
    0.930765595463138,
    0.9406899810964083
  ],
  "voicefm_whisper/cat_neuro": [
    0.9799621928166352,
    0.9954631379962193,
    0.9814744801512287,
    0.9784499054820416,
    0.9890359168241966
  ],
  "voicefm_whisper/cat_mood": [
    0.8260582010582009,
    0.716931216931217,
    0.658068783068783,
    0.8366402116402116,
    0.8300264550264551
  ],
  "voicefm_whisper/cat_respiratory": [
    0.7491709375942116,
    0.8019294543261983,
    0.7316852577630389,
    0.7434428700633102,
    0.7467591196864637
  ],
  "voicefm_whisper/gsd_parkinsons": [
    0.8938271604938272,
    0.9234567901234567,
    0.7975308641975308,
    0.9160493827160494,
    0.9827160493827161
  ],
  "voicefm_whisper/gsd_alz_dementia_mci": [
    0.9652542372881356,
    0.9741525423728814,
    0.9707627118644068,
    0.9550847457627119,
    0.9652542372881355
  ],
  "voicefm_whisper/gsd_depression": [
    0.847530422333572,
    0.6700071581961345,
    0.6478167501789549,
    0.8460987831066571,
    0.7874015748031495
  ],
  "voicefm_whisper/gsd_airway_stenosis": [
    0.809331797235023,
    0.8398617511520737,
    0.831221198156682,
    0.8231566820276497,
    0.8168202764976958
  ],
  "voicefm_whisper/gsd_laryngeal_dystonia": [
    0.9033643521832497,
    0.8489620615604867,
    0.8611309949892626,
    0.8239083750894775,
    0.8131710808876164
  ],
  "voicefm_whisper/gsd_mtd": [
    0.694229112833764,
    0.6787252368647717,
    0.6761412575366064,
    0.7459086993970715,
    0.6795865633074936
  ],
  "voicefm_whisper/gsd_anxiety": [
    0.6320987654320986,
    0.6691358024691358,
    0.8444444444444446,
    0.7753086419753087,
    0.7135802469135801
  ],
  "voicefm_whisper/gsd_benign_lesion": [
    0.7941429801894918,
    0.8096468561584841,
    0.8044788975021533,
    0.6494401378122309,
    0.7416020671834626
  ],
  "voicefm_whisper/gsd_copd_asthma": [
    0.6326923076923078,
    0.5807692307692308,
    0.6038461538461538,
    0.5894230769230769,
    0.5740384615384615
  ]
}