{
  "voicefm_whisper/gsd_control": [
    0.8555263157894737,
    0.8068421052631578,
    0.8736842105263158,
    0.8152631578947369,
    0.8539473684210527
  ],
  "voicefm_whisper/cat_voice": [
    0.9054820415879017,
    0.9359640831758034,
    0.9116257088846881,
    0.8719281663516067,
    0.917296786389414
  ],
  "voicefm_whisper/cat_neuro": [
    0.9860113421550095,
    0.9784499054820416,
    0.9886578449905481,
    0.9765595463137996,
    0.9727788279773157
  ],
  "voicefm_whisper/cat_mood": [
    0.6243386243386243,
    0.7936507936507936,
    0.7096560846560847,
    0.746031746031746,
    0.667989417989418
  ],
  "voicefm_whisper/cat_respiratory": [
    0.7467591196864636,
    0.6448598130841121,
    0.7199276454627676,
    0.725052758516732,
    0.7838408200180886
  ],
  "voicefm_whisper/gsd_parkinsons": [
    0.9012345679012345,
    0.9135802469135803,
    0.9333333333333333,
    0.9580246913580247,
    0.8987654320987655
  ],
  "voicefm_whisper/gsd_alz_dementia_mci": [
    0.9542372881355932,
    0.9355932203389831,
    0.9173728813559322,
    0.9555084745762712,
    0.9504237288135594
  ],
  "voicefm_whisper/gsd_depression": [
    0.705798138869005,
    0.7100930565497494,
    0.7050823192555475,
    0.7902648532569791,
    0.6377952755905512
  ],
  "voicefm_whisper/gsd_airway_stenosis": [
    0.858294930875576,
    0.7315668202764978,
    0.8548387096774194,
    0.8191244239631337,
    0.8058755760368663
  ],
  "voicefm_whisper/gsd_laryngeal_dystonia": [
    0.8539727988546886,
    0.8246241947029349,
    0.8260558339298496,
    0.7573371510379385,
    0.8747315676449535
  ],
  "voicefm_whisper/gsd_mtd": [
    0.5745047372954349,
    0.7476313522825151,
    0.6925064599483204,
    0.6442721791559001,
    0.6184323858742463
  ],
  "voicefm_whisper/gsd_anxiety": [
    0.4444444444444444,
    0.42962962962962964,
    0.5234567901234568,
    0.545679012345679,
    0.7876543209876543
  ],
  "voicefm_whisper/gsd_benign_lesion": [
    0.5736434108527131,
    0.7476313522825151,
    0.8173987941429801,
    0.6847545219638242,
    0.6752799310938846
  ],
  "voicefm_whisper/gsd_copd_asthma": [
    0.5182692307692307,
    0.5153846153846153,
    0.6538461538461537,
    0.6375,
    0.6105769230769231
  ]
}