{
  "voicefm_whisper/gsd_control": [
    0.8673684210526316,
    0.8586842105263158,
    0.8402631578947368,
    0.793421052631579,
    0.8526315789473684
  ],
  "voicefm_whisper/cat_voice": [
    0.8870510396975425,
    0.9215500945179586,
    0.8709829867674858,
    0.871219281663516,
    0.889413988657845
  ],
  "voicefm_whisper/cat_neuro": [
    0.9833648393194707,
    0.9810964083175803,
    0.9848771266540643,
    0.9807183364839319,
    0.9648393194706995
  ],
  "voicefm_whisper/cat_mood": [
    0.6997354497354498,
    0.6382275132275133,
    0.7268518518518519,
    0.6931216931216931,
    0.673941798941799
  ],
  "voicefm_whisper/cat_respiratory": [
    0.754899005125113,
    0.6394332227916792,
    0.7675610491407899,
    0.6068736810370817,
    0.7343985529092553
  ],
  "voicefm_whisper/gsd_parkinsons": [
    0.8691358024691358,
    0.908641975308642,
    0.8962962962962963,
    0.9358024691358025,
    0.8839506172839506
  ],
  "voicefm_whisper/gsd_alz_dementia_mci": [
    0.9588983050847457,
    0.9419491525423729,
    0.9088983050847458,
    0.925,
    0.9360169491525424
  ],
  "voicefm_whisper/gsd_depression": [
    0.7222619899785254,
    0.6678596993557624,
    0.7329992841803865,
    0.7430207587687904,
    0.5898353614889047
  ],
  "voicefm_whisper/gsd_airway_stenosis": [
    0.8726958525345623,
    0.7753456221198156,
    0.8755760368663594,
    0.8029953917050692,
    0.775921658986175
  ],
  "voicefm_whisper/gsd_laryngeal_dystonia": [
    0.8582677165354331,
    0.82319255547602,
    0.9155332856120257,
    0.7036506800286327,
    0.8410880458124552
  ],
  "voicefm_whisper/gsd_mtd": [
    0.6459948320413437,
    0.7226528854435831,
    0.6632213608957795,
    0.6037898363479759,
    0.5503875968992248
  ],
  "voicefm_whisper/gsd_anxiety": [
    0.5703703703703704,
    0.16296296296296295,
    0.49629629629629624,
    0.7777777777777778,
    0.7555555555555555
  ],
  "voicefm_whisper/gsd_benign_lesion": [
    0.686477174849268,
    0.7648578811369509,
    0.7734711455641688,
    0.7433247200689062,
    0.5426356589147286
  ],
  "voicefm_whisper/gsd_copd_asthma": [
    0.5298076923076924,
    0.5365384615384615,
    0.6000000000000001,
    0.675,
    0.4740384615384615
  ]
}