{
  "frozen_whisper/gsd_control": [
    0.9449838187702265,
    0.8474919093851132,
    0.8830906148867315,
    0.919093851132686,
    0.9215210355987055
  ],
  "frozen_whisper/cat_voice": [
    0.9563025210084034,
    0.9393687707641196,
    0.9427710843373495,
    0.9504381161007667,
    0.9401993355481728
  ],
  "frozen_whisper/cat_neuro": [
    0.9960526315789473,
    0.9885752688172044,
    0.9876288659793814,
    0.9652920962199313,
    0.9915994623655914
  ],
  "frozen_whisper/cat_mood": [
    0.8954116059379218,
    0.9195652173913044,
    0.90282131661442,
    0.9086956521739129,
    0.7294197031039136
  ],
  "frozen_whisper/cat_respiratory": [
    0.93938127090301,
    0.9364886731391585,
    0.9428789032749428,
    0.8494117647058823,
    0.9502508361204014
  ],
  "frozen_whisper/gsd_parkinsons": [
    0.9630841121495327,
    0.9410714285714286,
    0.8952241715399609,
    0.9118246687054028,
    0.9380877742946709
  ],
  "frozen_whisper/gsd_alz_dementia_mci": [
    0.9753623188405798,
    0.9619047619047618,
    0.9443573667711599,
    0.9550724637681159,
    0.9733644859813084
  ],
  "frozen_whisper/gsd_mtd": [
    0.5964285714285714,
    0.7786324786324785,
    0.7692307692307693,
    0.8308823529411764,
    0.6998432601880877
  ],
  "frozen_whisper/gsd_depression": [
    0.7811965811965812,
    0.9196581196581196,
    0.8278236914600551,
    0.8655462184873949,
    0.6591337099811675
  ],
  "frozen_whisper/gsd_airway_stenosis": [
    0.9466936572199729,
    0.9129554655870445,
    0.9405797101449276,
    0.9505606523955148,
    0.9636904761904761
  ],
  "frozen_whisper/gsd_benign_lesion": [
    0.8683385579937305,
    0.8095238095238095,
    0.8256410256410256,
    0.8666666666666666,
    0.7521739130434782
  ],
  "frozen_whisper/gsd_anxiety": [
    0.7524590163934426,
    0.7357723577235773,
    0.9005376344086021,
    0.5779569892473118
  ],
  "frozen_whisper/gsd_laryngeal_dystonia": [
    0.933695652173913,
    0.9310344827586207,
    0.9702898550724637,
    0.9566844919786096,
    0.9101449275362318
  ],
  "voicefm_whisper/gsd_control": [
    0.9522653721682848,
    0.8365695792880259,
    0.9288025889967637,
    0.9340614886731391,
    0.9271844660194174
  ],
  "voicefm_whisper/cat_voice": [
    0.9672268907563024,
    0.9512735326688815,
    0.9586527929901424,
    0.9479737130339541,
    0.9343853820598007
  ],
  "voicefm_whisper/cat_neuro": [
    0.9953947368421053,
    0.9986559139784946,
    0.9975945017182131,
    0.9941580756013746,
    0.9956317204301075
  ],
  "voicefm_whisper/cat_mood": [
    0.9487179487179487,
    0.9478260869565216,
    0.9341692789968652,
    0.8826086956521739,
    0.9136302294197032
  ],
  "voicefm_whisper/cat_respiratory": [
    0.9117892976588629,
    0.9526699029126213,
    0.9265041888804265,
    0.8847058823529412,
    0.9343645484949833
  ],
  "voicefm_whisper/gsd_parkinsons": [
    0.9172897196261682,
    0.9089285714285714,
    0.9502923976608187,
    0.9235474006116209,
    0.9192789968652038
  ],
  "voicefm_whisper/gsd_alz_dementia_mci": [
    0.955072463768116,
    0.9648809523809524,
    0.9647335423197492,
    0.9449275362318841,
    0.9607476635514018
  ],
  "voicefm_whisper/gsd_mtd": [
    0.7023809523809523,
    0.8760683760683761,
    0.8076923076923077,
    0.7636554621848739,
    0.6778996865203761
  ],
  "voicefm_whisper/gsd_depression": [
    0.8658119658119658,
    0.9324786324786325,
    0.778236914600551,
    0.8813025210084033,
    0.7382297551789077
  ],
  "voicefm_whisper/gsd_airway_stenosis": [
    0.9723346828609986,
    0.921727395411606,
    0.9688405797101449,
    0.9683995922528033,
    0.9833333333333334
  ],
  "voicefm_whisper/gsd_benign_lesion": [
    0.7876175548589343,
    0.8571428571428571,
    0.8888888888888888,
    0.6107142857142858,
    0.7521739130434782
  ],
  "voicefm_whisper/gsd_anxiety": [
    0.9114754098360657,
    0.8028455284552846,
    0.6478494623655914,
    0.7661290322580645
  ],
  "voicefm_whisper/gsd_laryngeal_dystonia": [
    0.8876811594202898,
    0.969435736677116,
    0.9695652173913044,
    0.8775401069518717,
    0.9485507246376811
  ],
  "frozen_whisper/gsd_copd_asthma": [
    0.52,
    0.7012195121951219,
    0.8494623655913979
  ],
  "voicefm_whisper/gsd_copd_asthma": [
    0.952,
    0.7398373983739837,
    0.9408602150537635
  ]
}