{
  "frozen_whisper/gsd_control": [
    0.9449838187702265,
    0.8483009708737865,
    0.883495145631068,
    0.9186893203883495,
    0.9215210355987055
  ],
  "frozen_whisper/cat_voice": [
    0.9563025210084033,
    0.9396456256921374,
    0.9430449069003286,
    0.9507119386637459,
    0.9385382059800665
  ],
  "frozen_whisper/cat_neuro": [
    0.9957236842105263,
    0.988239247311828,
    0.9876288659793814,
    0.9656357388316151,
    0.992271505376344
  ],
  "frozen_whisper/cat_mood": [
    0.896761133603239,
    0.9231884057971014,
    0.8879310344827587,
    0.9072463768115941,
    0.7354925775978408
  ],
  "frozen_whisper/cat_respiratory": [
    0.9402173913043479,
    0.9389158576051779,
    0.9421172886519421,
    0.8490196078431372,
    0.9498327759197325
  ],
  "frozen_whisper/gsd_parkinsons": [
    0.9644859813084112,
    0.9410714285714286,
    0.8981481481481481,
    0.9113149847094801,
    0.9365203761755486
  ],
  "frozen_whisper/gsd_alz_dementia_mci": [
    0.9753623188405798,
    0.9625,
    0.9467084639498433,
    0.9579710144927537,
    0.9733644859813084
  ],
  "frozen_whisper/gsd_mtd": [
    0.5964285714285714,
    0.7794871794871794,
    0.77008547008547,
    0.8277310924369747,
    0.6990595611285266
  ],
  "frozen_whisper/gsd_depression": [
    0.782051282051282,
    0.911965811965812,
    0.8044077134986226,
    0.875,
    0.6638418079096043
  ],
  "frozen_whisper/gsd_airway_stenosis": [
    0.9466936572199729,
    0.9136302294197032,
    0.9405797101449276,
    0.9515800203873599,
    0.963095238095238
  ],
  "frozen_whisper/gsd_benign_lesion": [
    0.8691222570532916,
    0.8095238095238095,
    0.8264957264957264,
    0.8666666666666666,
    0.7514492753623189
  ],
  "frozen_whisper/gsd_anxiety": [
    0.7655737704918033,
    0.6890243902439025,
    0.9005376344086021,
    0.5591397849462365
  ],
  "frozen_whisper/gsd_laryngeal_dystonia": [
    0.9333333333333333,
    0.9310344827586207,
    0.9702898550724637,
    0.955614973262032,
    0.9101449275362319
  ],
  "frozen_whisper/gsd_copd_asthma": [
    0.528,
    0.7113821138211383,
    0.8602150537634409
  ],
  "voicefm_whisper/gsd_control": [
    0.9421521035598706,
    0.8563915857605178,
    0.9288025889967637,
    0.9753236245954693,
    0.9275889967637541
  ],
  "voicefm_whisper/cat_voice": [
    0.9364145658263305,
    0.9493355481727574,
    0.9548192771084337,
    0.9764512595837898,
    0.9521040974529347
  ],
  "voicefm_whisper/cat_neuro": [
    0.9967105263157895,
    0.9996639784946237,
    0.9982817869415808,
    0.9941580756013746,
    0.9996639784946237
  ],
  "voicefm_whisper/cat_mood": [
    0.9338731443994602,
    0.9768115942028985,
    0.9757053291536051,
    0.9021739130434783,
    0.8987854251012146
  ],
  "voicefm_whisper/cat_respiratory": [
    0.9594481605351171,
    0.9364886731391585,
    0.9158415841584158,
    0.9388235294117647,
    0.9640468227424749
  ],
  "voicefm_whisper/gsd_parkinsons": [
    0.9574766355140187,
    0.9434523809523809,
    0.9707602339181286,
    0.9418960244648318,
    0.9420062695924765
  ],
  "voicefm_whisper/gsd_alz_dementia_mci": [
    0.9565217391304348,
    0.9630952380952381,
    0.950626959247649,
    0.9623188405797102,
    0.9728971962616823
  ],
  "voicefm_whisper/gsd_mtd": [
    0.8369047619047619,
    0.8504273504273504,
    0.8205128205128205,
    0.8970588235294118,
    0.7539184952978055
  ],
  "voicefm_whisper/gsd_depression": [
    0.8128205128205128,
    0.9606837606837607,
    0.9283746556473829,
    0.8434873949579832,
    0.8559322033898304
  ],
  "voicefm_whisper/gsd_airway_stenosis": [
    0.9493927125506073,
    0.8920377867746289,
    0.9652173913043478,
    0.9918450560652396,
    0.9523809523809524
  ],
  "voicefm_whisper/gsd_benign_lesion": [
    0.8150470219435736,
    0.8226190476190476,
    0.7837606837606838,
    0.7714285714285715,
    0.8188405797101449
  ],
  "voicefm_whisper/gsd_anxiety": [
    0.9409836065573771,
    0.8536585365853658,
    0.717741935483871,
    0.7688172043010753
  ],
  "voicefm_whisper/gsd_laryngeal_dystonia": [
    0.9043478260869564,
    0.9498432601880878,
    0.9420289855072463,
    0.9459893048128343,
    0.9702898550724637
  ],
  "voicefm_whisper/gsd_copd_asthma": [
    0.62,
    0.5873983739837398,
    0.8387096774193548
  ],
  "voicefm_hubert/gsd_control": [
    0.910598705501618,
    0.8118932038834952,
    0.8948220064724919,
    0.9194983818770226,
    0.9045307443365695
  ],
  "voicefm_hubert/cat_voice": [
    0.9400560224089636,
    0.9388150609080842,
    0.9277108433734941,
    0.9635815991237676,
    0.9299557032115171
  ],
  "voicefm_hubert/cat_neuro": [
    0.9967105263157895,
    0.9976478494623655,
    0.9969072164948454,
    0.9927835051546392,
    0.9979838709677419
  ],
  "voicefm_hubert/cat_mood": [
    0.9642375168690958,
    0.9688405797101449,
    0.9678683385579936,
    0.9050724637681159,
    0.9284750337381916
  ],
  "voicefm_hubert/cat_respiratory": [
    0.8896321070234113,
    0.9308252427184467,
    0.9192688499619194,
    0.8866666666666666,
    0.9778428093645486
  ],
  "voicefm_hubert/gsd_parkinsons": [
    0.9565420560747664,
    0.9398809523809524,
    0.9264132553606238,
    0.9337410805300714,
    0.9443573667711599
  ],
  "voicefm_hubert/gsd_alz_dementia_mci": [
    0.963768115942029,
    0.9672619047619048,
    0.9114420062695924,
    0.9340579710144928,
    0.9850467289719627
  ],
  "voicefm_hubert/gsd_mtd": [
    0.7476190476190476,
    0.864957264957265,
    0.8401709401709403,
    0.8403361344537815,
    0.7813479623824451
  ],
  "voicefm_hubert/gsd_depression": [
    0.923076923076923,
    0.970940170940171,
    0.893939393939394,
    0.9254201680672269,
    0.8361581920903954
  ],
  "voicefm_hubert/gsd_airway_stenosis": [
    0.9190283400809717,
    0.946693657219973,
    0.9318840579710144,
    0.963302752293578,
    0.9654761904761905
  ],
  "voicefm_hubert/gsd_benign_lesion": [
    0.847962382445141,
    0.7488095238095238,
    0.8213675213675213,
    0.8714285714285714,
    0.7971014492753623
  ],
  "voicefm_hubert/gsd_anxiety": [
    0.9311475409836065,
    0.9146341463414633,
    0.6612903225806452,
    0.7903225806451613
  ],
  "voicefm_hubert/gsd_laryngeal_dystonia": [
    0.863768115942029,
    0.939655172413793,
    0.9478260869565217,
    0.9197860962566846,
    0.9195652173913044
  ],
  "voicefm_hubert/gsd_copd_asthma": [
    0.7559999999999999,
    0.5792682926829269,
    0.7150537634408601
  ],
  "frozen_hear/gsd_control": [
    0.9069579288025891,
    0.7985436893203883,
    0.8478964401294499,
    0.906957928802589,
    0.9170711974110033
  ],
  "frozen_hear/cat_voice": [
    0.8946778711484594,
    0.7834994462901439,
    0.8452902519167579,
    0.9030668127053669,
    0.9199889258028793
  ],
  "frozen_hear/cat_neuro": [
    0.9503289473684211,
    0.9553091397849462,
    0.9195876288659794,
    0.959106529209622,
    0.9633736559139785
  ],
  "frozen_hear/cat_mood": [
    0.7941970310391363,
    0.8608695652173913,
    0.853448275862069,
    0.9028985507246376,
    0.7294197031039137
  ],
  "frozen_hear/cat_respiratory": [
    0.9000836120401338,
    0.8147249190938511,
    0.8446306169078447,
    0.7188235294117648,
    0.9502508361204013
  ],
  "frozen_hear/gsd_parkinsons": [
    0.852803738317757,
    0.8672619047619048,
    0.8318713450292398,
    0.8399592252803262,
    0.8659874608150471
  ],
  "frozen_hear/gsd_alz_dementia_mci": [
    0.9536231884057972,
    0.9077380952380952,
    0.9075235109717867,
    0.9246376811594204,
    0.905607476635514
  ],
  "frozen_hear/gsd_mtd": [
    0.675,
    0.7034188034188034,
    0.7615384615384615,
    0.76890756302521,
    0.6214733542319749
  ],
  "frozen_hear/gsd_depression": [
    0.8068376068376069,
    0.8974358974358975,
    0.7851239669421488,
    0.8382352941176471,
    0.7410546139359699
  ],