{
  "frozen_whisper/gsd_control": [
    0.9449838187702265,
    0.8474919093851132,
    0.8830906148867315,
    0.919093851132686,
    0.9215210355987055
  ],
  "frozen_whisper/cat_voice": [
    0.9563025210084034,
    0.9393687707641196,
    0.9427710843373495,
    0.9504381161007667,
    0.9401993355481728
  ],
  "frozen_whisper/cat_neuro": [
    0.9960526315789473,
    0.9885752688172044,
    0.9876288659793814,
    0.9652920962199313,
    0.9915994623655914
  ],
  "frozen_whisper/cat_mood": [
    0.8954116059379218,
    0.9195652173913044,
    0.90282131661442,
    0.9086956521739129,
    0.7294197031039136
  ],
  "frozen_whisper/cat_respiratory": [
    0.93938127090301,
    0.9364886731391585,
    0.9428789032749428,
    0.8494117647058823,
    0.9502508361204014
  ],
  "frozen_whisper/gsd_parkinsons": [
    0.9630841121495327,
    0.9410714285714286,
    0.8952241715399609,
    0.9118246687054028,
    0.9380877742946709
  ],
  "frozen_whisper/gsd_alz_dementia_mci": [
    0.9753623188405798,
    0.9619047619047618,
    0.9443573667711599,
    0.9550724637681159,
    0.9733644859813084
  ],
  "frozen_whisper/gsd_mtd": [
    0.5964285714285714,
    0.7786324786324785,
    0.7692307692307693,
    0.8308823529411764,
    0.6998432601880877
  ],
  "frozen_whisper/gsd_depression": [
    0.7811965811965812,
    0.9196581196581196,
    0.8278236914600551,
    0.8655462184873949,
    0.6591337099811675
  ],
  "frozen_whisper/gsd_airway_stenosis": [
    0.9466936572199729,
    0.9129554655870445,
    0.9405797101449276,
    0.9505606523955148,
    0.9636904761904761
  ],
  "frozen_whisper/gsd_benign_lesion": [
    0.8683385579937305,
    0.8095238095238095,
    0.8256410256410256,
    0.8666666666666666,
    0.7521739130434782
  ],
  "frozen_whisper/gsd_anxiety": [
    0.7524590163934426,
    0.7357723577235773,
    0.9005376344086021,
    0.5779569892473118
  ],
  "frozen_whisper/gsd_laryngeal_dystonia": [
    0.933695652173913,
    0.9310344827586207,
    0.9702898550724637,
    0.9566844919786096,
    0.9101449275362318
  ],
  "voicefm_whisper/gsd_control": [
    0.9348705501618123,
    0.8244336569579288,
    0.9182847896440129,
    0.9413430420711975,
    0.9178802588996764
  ],
  "voicefm_whisper/cat_voice": [
    0.953501400560224,
    0.9390919158361019,
    0.94934282584885,
    0.95947426067908,
    0.9246954595791805
  ],
  "voicefm_whisper/cat_neuro": [
    0.9967105263157895,
    1.0,
    0.99553264604811,
    0.9934707903780069,
    0.9986559139784946
  ],
  "voicefm_whisper/cat_mood": [
    0.9156545209176787,
    0.967391304347826,
    0.9866771159874608,
    0.941304347826087,
    0.9190283400809717
  ],
  "voicefm_whisper/cat_respiratory": [
    0.9586120401337792,
    0.9437702265372169,
    0.9234577303884235,
    0.903921568627451,
    0.9627926421404682
  ],
  "voicefm_whisper/gsd_parkinsons": [
    0.9626168224299065,
    0.9452380952380952,
    0.9498050682261209,
    0.9311926605504587,
    0.9192789968652038
  ],
  "voicefm_whisper/gsd_alz_dementia_mci": [
    0.9608695652173913,
    0.9535714285714285,
    0.9584639498432602,
    0.9463768115942028,
    0.9686915887850467
  ],
  "voicefm_whisper/gsd_mtd": [
    0.7690476190476191,
    0.8829059829059829,
    0.8273504273504273,
    0.8707983193277311,
    0.6731974921630094
  ],
  "voicefm_whisper/gsd_depression": [
    0.8504273504273505,
    0.9461538461538461,
    0.9352617079889807,
    0.9012605042016808,
    0.8361581920903954
  ],
  "voicefm_whisper/gsd_airway_stenosis": [
    0.9534412955465588,
    0.9298245614035088,
    0.9840579710144928,
    0.9592252803261978,
    0.9636904761904762
  ],
  "voicefm_whisper/gsd_benign_lesion": [
    0.762539184952978,
    0.861904761904762,
    0.8170940170940171,
    0.7714285714285715,
    0.7746376811594203
  ],
  "voicefm_whisper/gsd_anxiety": [
    0.8852459016393441,
    0.9065040650406504,
    0.8091397849462365,
    0.8709677419354839
  ],
  "voicefm_whisper/gsd_laryngeal_dystonia": [
    0.9057971014492753,
    0.9702194357366771,
    0.9507246376811594,
    0.9139037433155079,
    0.9543478260869566
  ],
  "frozen_whisper/gsd_copd_asthma": [
    0.52,
    0.7012195121951219,
    0.8494623655913979
  ],
  "voicefm_whisper/gsd_copd_asthma": [
    0.756,
    0.5914634146341463,
    0.6424731182795699
  ]
}